"DESCRIPTION","DURATION IN MS","NAME","PARENT SUITE","START TIME","STATUS","STOP TIME","SUB SUITE","SUITE","TEST CLASS","TEST METHOD"
"","0","8.HEAD /todos (200)","chromium","2026-09-26","skipped","2026-09-26","API challenge","api.spec.js","",""
"","5769","При переходе на производителя 404","chromium","2026-09-26","passed","2026-09-26","Поиск 5 багов на сайте академии багов","academybugs.spec.js","",""
"","3156","Едет верстка фото товара","chromium","2026-09-26","passed","2026-09-26","Поиск 5 багов на сайте академии багов","academybugs.spec.js","",""
"","0","18. POST /todos/{id} (404)","chromium","2026-09-26","skipped","2026-09-26","API challenge","api.spec.js","",""
"","0","21. PUT /todos/{id} no title (400)","chromium","2026-09-26","skipped","2026-09-26","API challenge","api.spec.js","",""
"","0","6.GET /todos/{id} (404)","chromium","2026-09-26","skipped","2026-09-26","API challenge","api.spec.js","",""
"","0","29.GET /todos (200) no accept","chromium","2026-09-26","skipped","2026-09-26","API challenge","api.spec.js","",""
"","1","27.GET /todos (200) ANY","chromium","2026-09-26","skipped","2026-09-26","API challenge","api.spec.js","",""
"","0","10.POST /todos (400) doneStatus","chromium","2026-09-26","skipped","2026-09-26","API challenge","api.spec.js","",""
"","1","9.POST /todos (201)","chromium","2026-09-26","skipped","2026-09-26","API challenge","api.spec.js","",""
"","0","26.GET /todos (200) JSON","chromium","2026-09-26","skipped","2026-09-26","API challenge","api.spec.js","",""
"","0","16. PUT /todos/{id} (400)","chromium","2026-09-26","skipped","2026-09-26","API challenge","api.spec.js","",""
"","0","19. PUT /todos/{id} full (200)","chromium","2026-09-26","skipped","2026-09-26","API challenge","api.spec.js","",""
"","0","12. POST /todos (400) description too long","chromium","2026-09-26","skipped","2026-09-26","API challenge","api.spec.js","",""
"","1","30.GET /todos (406)","chromium","2026-09-26","skipped","2026-09-26","API challenge","api.spec.js","",""
"","0","3.GET /todos (200)","chromium","2026-09-26","skipped","2026-09-26","API challenge","api.spec.js","",""
"","0","13. POST /todos (201) max out content","chromium","2026-09-26","skipped","2026-09-26","API challenge","api.spec.js","",""
"","0","22. PUT /todos/{id} no amend id (400)","chromium","2026-09-26","skipped","2026-09-26","API challenge","api.spec.js","",""
"","0","24. OPTIONS /todos (200)","chromium","2026-09-26","skipped","2026-09-26","API challenge","api.spec.js","",""
"","1829","Краш при смене количества отображаемых на странице товаров","chromium","2026-09-26","passed","2026-09-26","Поиск 5 багов на сайте академии багов","academybugs.spec.js","",""
"","0","17. POST /todos/{id} (200)","chromium","2026-09-26","skipped","2026-09-26","API challenge","api.spec.js","",""
"","0","14. POST /todos (413) content too long","chromium","2026-09-26","skipped","2026-09-26","API challenge","api.spec.js","",""
"","0","28.GET /todos (200) XML pref","chromium","2026-09-26","skipped","2026-09-26","API challenge","api.spec.js","",""
"","3092","Пользователь может опубликовать статью","chromium","2026-09-26","passed","2026-09-26","Авторизация новым пользователем","conduit.spec.js","",""
"","0","5.GET /todos/{id} (200)","chromium","2026-09-26","skipped","2026-09-26","API challenge","api.spec.js","",""
"","0","23. DELETE /todos/{id} (200)","chromium","2026-09-26","skipped","2026-09-26","API challenge","api.spec.js","",""
"","2756","Пользователь может оставить комментарий к статье","chromium","2026-09-26","passed","2026-09-26","Авторизация новым пользователем","conduit.spec.js","",""
"","0","20. PUT /todos/{id} partial (200)","chromium","2026-09-26","skipped","2026-09-26","API challenge","api.spec.js","",""
"","3189","Пользователь может поставить статье лайк","chromium","2026-09-26","passed","2026-09-26","Авторизация новым пользователем","conduit.spec.js","",""
"","0","11. POST /todos (400) title too long","chromium","2026-09-26","skipped","2026-09-26","API challenge","api.spec.js","",""
"","0","7.GET /todos (200) ?filter","chromium","2026-09-26","skipped","2026-09-26","API challenge","api.spec.js","",""
"","0","15. POST /todos (400) extra","chromium","2026-09-26","skipped","2026-09-26","API challenge","api.spec.js","",""
"","1","4.GET /todo (404)","chromium","2026-09-26","skipped","2026-09-26","API challenge","api.spec.js","",""
"","0","25.GET /todos (200) XML","chromium","2026-09-26","skipped","2026-09-26","API challenge","api.spec.js","",""
"","8825","Кнопка ""Домой"" не возвращает пользователя на главную","chromium","2026-09-26","passed","2026-09-26","Поиск 5 багов на сайте академии багов","academybugs.spec.js","",""
"","192","2.Получить список заданий get /challenges","chromium","2026-09-26","failed","2026-09-26","API challenge","api.spec.js","",""
"","1993","Краш при смене типа валюты","chromium","2026-09-26","passed","2026-09-26","Поиск 5 багов на сайте академии багов","academybugs.spec.js","",""
